Workbook

Sheet FACTORS_MUNI
A1: GEOID | B1: MUNI | C1: POP | D1: MED_HH_INC | E1: RET_SALES | F1: TOT_EAV | G1: PCT_DA_POP | H1: TAX_BASE | I1: TAX_BASE_PER_CAP | J1: ln_TAX_BASE_PER_CAP | K1: ln_POP | L1: ln_MED_HH_INC
A2: 1700243 | B2: Addison | C2: 35489 | D2: 90431 | E2: 1418099513 | F2: 1530498318 | G2: 0 | H2: =E2+F2 -> 2948597831 | I2: =H2/C2 -> 83084.838 | J2: =LN(I2) -> 11.327618 | K2: =LN(C2) -> 10.476978 | L2: =LN(D2) -> 11.412342
A3: 1700685 | B3: Algonquin | C3: 30067 | D3: 134525 | E3: 1057450568 | F3: 1221895097 | G3: 0.044444444 | H3: =E3+F3 -> 2279345665 | I3: =H3/C3 -> 75808.882 | J3: =LN(I3) -> 11.235971 | K3: =LN(C3) -> 10.311184 | L3: =LN(D3) -> 11.809505
A4: 1701010 | B4: Alsip | C4: 18583 | D4: 66585 | E4: 512679194 | F4: 835589144 | G4: 0 | H4: =E4+F4 -> 1348268338 | I4: =H4/C4 -> 72553.858 | J4: =LN(I4) -> 11.192084 | K4: =LN(C4) -> 9.8300025 | L4: =LN(D4) -> 11.106235
A5: 1701595 | B5: Antioch | C5: 14859 | D5: 108899 | E5: 524459040 | F5: 465898037 | G5: 0 | H5: =E5+F5 -> 990357077 | I5: =H5/C5 -> 66650.318 | J5: =LN(I5) -> 11.107215 | K5: =LN(C5) -> 9.606361 | L5: =LN(D5) -> 11.598176
A6: 1702154 | B6: Arlington Heights | C6: 76005 | D6: 116723 | E6: 1611085171 | F6: 3846327521 | G6: 0.11417941 | H6: =E6+F6 -> 5457412692 | I6: =H6/C6 -> 71803.338 | J6: =LN(I6) -> 11.181686 | K6: =LN(C6) -> 11.238554 | L6: =LN(D6) -> 11.667559
A7: 1703012 | B7: Aurora | C7: 179898 | D7: 93633 | E7: 3304566611 | F7: 5231224008 | G7: 0.40956675 | H7: =E7+F7 -> 8535790619 | I7: =H7/C7 -> 47447.946 | J7: =LN(I7) -> 10.767389 | K7: =LN(C7) -> 12.100145 | L7: =LN(D7) -> 11.447138
A8: 1703610 | B8: Bannockburn | C8: 1148 | D8: 214000 | E8: 137659488 | F8: 187982495 | G8: 0 | H8: =E8+F8 -> 325641983 | I8: =H8/C8 -> 283660.26 | J8: =LN(I8) -> 12.555533 | K8: =LN(C8) -> 7.0457766 | L8: =LN(D8) -> 12.273731
A9: 1703844 | B9: Barrington | C9: 11077 | D9: 147989 | E9: 749294072 | F9: 742226269 | G9: 0 | H9: =E9+F9 -> 1491520341 | I9: =H9/C9 -> 134650.21 | J9: =LN(I9) -> 11.810436 | K9: =LN(C9) -> 9.3126262 | L9: =LN(D9) -> 11.904893
A10: 1703883 | B10: Barrington Hills | C10: 3879 | D10: 205074 | E10: 23426104 | F10: 463334465 | G10: 0.030384054 | H10: =E10+F10 -> 486760569 | I10: =H10/C10 -> 125486.1 | J10: =LN(I10) -> 11.73995 | K10: =LN(C10) -> 8.2633327 | L10: =LN(D10) -> 12.231126
A11: 1704013 | B11: Bartlett | C11: 40501 | D11: 133240 | E11: 569014442 | F11: 1509188932 | G11: 0.14733001 | H11: =E11+F11 -> 2078203374 | I11: =H11/C11 -> 51312.397 | J11: =LN(I11) -> 10.845688 | K11: =LN(C11) -> 10.609082 | L11: =LN(D11) -> 11.799907
A12: 1704078 | B12: Batavia | C12: 27151 | D12: 120056 | E12: 681010445 | F12: 1278114083 | G12: 0 | H12: =E12+F12 -> 1959124528 | I12: =H12/C12 -> 72156.625 | J12: =LN(I12) -> 11.186594 | K12: =LN(C12) -> 10.209169 | L12: =LN(D12) -> 11.695714
A13: 1704303 | B13: Beach Park | C13: 14115 | D13: 85664 | E13: 92014840 | F13: 286693852 | G13: 0.0732683 | H13: =E13+F13 -> 378708692 | I13: =H13/C13 -> 26830.23 | J13: =LN(I13) -> 10.197285 | K13: =LN(C13) -> 9.5549933 | L13: =LN(D13) -> 11.358188
... A285: 1784220 | B285: Zion | C285: 24600 | D285: 63104 | E285: 267505671 | F285: 428471477 | G285: 0.46278645 | H285: =E285+F285 -> 695977148 | I285: =H285/C285 -> 28291.754 | J285: =LN(I285) -> 10.250326 | K285: =LN(C285) -> 10.110502 | L285: =LN(D285) -> 11.052539

Sheet FACTORS_CCA
A1: CCA_ID | B1: CCA_NAME | C1: MED_HH_INC | D1: PCT_DA_POP | E1: TOT_MARKET_VAL | F1: CCA_POP | G1: TAX_BASE_PER_CAP | H1: ln_TAX_BASE_PER_CAP | I1: ln_POP | J1: ln_MED_HH_INC
A2: 14 | B2: Albany Park | C2: 86513.02 | D2: 0.12054715 | E2: 3.5170692e+09 | F2: 45538 | G2: =(FACTORS_MUNI!$E$42/FACTORS_MUNI!$C$42)+(E2/SUM(E$2:E$78)*FACTORS_MUNI!$F$42/F2) -> 32540.233 | H2: =LN(G2) -> 10.390233 | I2: =FACTORS_MUNI!$K$42 -> 14.812911 | J2: =LN(C2) -> 11.36805
A3: 57 | B3: Archer Heights | C3: 67012.2 | D3: 0.09270217 | E3: 9.9557311e+08 | F3: 13414 | G3: =(FACTORS_MUNI!$E$42/FACTORS_MUNI!$C$42)+(E3/SUM(E$2:E$78)*FACTORS_MUNI!$F$42/F3) -> 31867.243 | H3: =LN(G3) -> 10.369334 | I3: =FACTORS_MUNI!$K$42 -> 14.812911 | J3: =LN(C3) -> 11.11263
A4: 34 | B4: Armour Square | C4: 45340.34 | D4: 0.21713463 | E4: 1390091360 | F4: 13885 | G4: =(FACTORS_MUNI!$E$42/FACTORS_MUNI!$C$42)+(E4/SUM(E$2:E$78)*FACTORS_MUNI!$F$42/F4) -> 37647.963 | H4: =LN(G4) -> 10.536034 | I4: =FACTORS_MUNI!$K$42 -> 14.812911 | J4: =LN(C4) -> 10.721952
A5: 70 | B5: Ashburn | C5: 82235.36 | D5: 0.30595163 | E5: 2.6157808e+09 | F5: 42007 | G5: =(FACTORS_MUNI!$E$42/FACTORS_MUNI!$C$42)+(E5/SUM(E$2:E$78)*FACTORS_MUNI!$F$42/F5) -> 29199.887 | H5: =LN(G5) -> 10.28192 | I5: =FACTORS_MUNI!$K$42 -> 14.812911 | J5: =LN(C5) -> 11.317341
A6: 71 | B6: Auburn Gresham | C6: 47170.47 | D6: 0.59438923 | E6: 1834998656 | F6: 43779 | G6: =(FACTORS_MUNI!$E$42/FACTORS_MUNI!$C$42)+(E6/SUM(E$2:E$78)*FACTORS_MUNI!$F$42/F6) -> 24655.997 | H6: =LN(G6) -> 10.112775 | I6: =FACTORS_MUNI!$K$42 -> 14.812911 | J6: =LN(C6) -> 10.761523
A7: 25 | B7: Austin | C7: 47532.57 | D7: 0.49213418 | E7: 4.6823926e+09 | F7: 97452 | G7: =(FACTORS_MUNI!$E$42/FACTORS_MUNI!$C$42)+(E7/SUM(E$2:E$78)*FACTORS_MUNI!$F$42/F7) -> 26025.109 | H7: =LN(G7) -> 10.166817 | I7: =FACTORS_MUNI!$K$42 -> 14.812911 | J7: =LN(C7) -> 10.76917
A8: 45 | B8: Avalon Park | C8: 57862.6 | D8: 0 | E8: 555002732 | F8: 9024 | G8: =(FACTORS_MUNI!$E$42/FACTORS_MUNI!$C$42)+(E8/SUM(E$2:E$78)*FACTORS_MUNI!$F$42/F8) -> 29028.634 | H8: =LN(G8) -> 10.276038 | I8: =FACTORS_MUNI!$K$42 -> 14.812911 | J8: =LN(C8) -> 10.965827
A9: 21 | B9: Avondale | C9: 93915.78 | D9: 0 | E9: 3.8717446e+09 | F9: 35533 | G9: =(FACTORS_MUNI!$E$42/FACTORS_MUNI!$C$42)+(E9/SUM(E$2:E$78)*FACTORS_MUNI!$F$42/F9) -> 39622.965 | H9: =LN(G9) -> 10.587164 | I9: =FACTORS_MUNI!$K$42 -> 14.812911 | J9: =LN(C9) -> 11.450154
A10: 19 | B10: Belmont Cragin | C10: 68284.21 | D10: 0.40697168 | E10: 3.9063076e+09 | F10: 72088 | G10: =(FACTORS_MUNI!$E$42/FACTORS_MUNI!$C$42)+(E10/SUM(E$2:E$78)*FACTORS_MUNI!$F$42/F10) -> 27395.715 | H10: =LN(G10) -> 10.218142 | I10: =FACTORS_MUNI!$K$42 -> 14.812911 | J10: =LN(C10) -> 11.131434
A11: 72 | B11: Beverly | C11: 132096.54 | D11: 0 | E11: 2170458788 | F11: 19521 | G11: =(FACTORS_MUNI!$E$42/FACTORS_MUNI!$C$42)+(E11/SUM(E$2:E$78)*FACTORS_MUNI!$F$42/F11) -> 40119.409 | H11: =LN(G11) -> 10.599616 | I11: =FACTORS_MUNI!$K$42 -> 14.812911 | J11: =LN(C11) -> 11.791288
A12: 60 | B12: Bridgeport | C12: 74609.51 | D12: 0.07687971 | E12: 3.4082063e+09 | F12: 33638 | G12: =(FACTORS_MUNI!$E$42/FACTORS_MUNI!$C$42)+(E12/SUM(E$2:E$78)*FACTORS_MUNI!$F$42/F12) -> 37917.072 | H12: =LN(G12) -> 10.543157 | I12: =FACTORS_MUNI!$K$42 -> 14.812911 | J12: =LN(C12) -> 11.220023
A13: 58 | B13: Brighton Park | C13: 66070.73 | D13: 0.40905156 | E13: 1.7636331e+09 | F13: 42994 | G13: =(FACTORS_MUNI!$E$42/FACTORS_MUNI!$C$42)+(E13/SUM(E$2:E$78)*FACTORS_MUNI!$F$42/F13) -> 24456.296 | H13: =LN(G13) -> 10.104643 | I13: =FACTORS_MUNI!$K$42 -> 14.812911 | J13: =LN(C13) -> 11.098481
... A78: 42 | B78: Woodlawn | C78: 39802.04 | D78: 0.64528147 | E78: 1145968560 | F78: 23801 | G78: =(FACTORS_MUNI!$E$42/FACTORS_MUNI!$C$42)+(E78/SUM(E$2:E$78)*FACTORS_MUNI!$F$42/F78) -> 26047.37 | H78: =LN(G78) -> 10.167672 | I78: =FACTORS_MUNI!$K$42 -> 14.812911 | J78: =LN(C78) -> 10.591673

Sheet WEIGHTS
A1: FACTOR_NAME | B1: WEIGHT
A2: =FACTORS_MUNI!K1 -> ln_POP | B2: 1
A3: =FACTORS_MUNI!J1 -> ln_TAX_BASE_PER_CAP | B3: 1
A4: =FACTORS_MUNI!L1 -> ln_MED_HH_INC | B4: 1
A5: =FACTORS_MUNI!G1 -> PCT_DA_POP | B5: -1

Sheet COHORTS
A1: COHORT | B1: MAX_SCORE
A2: 4 | B2: 37
A3: 3 | B3: 45
A4: 2 | B4: 65
A5: 1 | B5: 100
